{
"Profile1" : {
    "Bank0" : 0,
    "Bank1" : 1,
    "Bank2" : 2,
    "Bank3" : 4
},
"Profile2" : {
    "Bank0" : 8,
    "Bank1" : 16,
    "Bank2" : 32,
    "Bank3" : 64
},
"Profile3" : {
    "Bank0" : 0,
    "Bank1" : 1,
    "Bank2" : 2,
    "Bank3" : 4
},
"Profile4" : {
    "Bank0" : 8,
    "Bank1" : 16,
    "Bank2" : 32,
    "Bank3" : 64
},
"Profile5" : {
    "Bank0" : 0,
    "Bank1" : 1,
    "Bank2" : 2,
    "Bank3" : 4
},
"Profile6" : {
    "Bank0" : 8,
    "Bank1" : 16,
    "Bank2" : 32,
    "Bank3" : 64
},
"Profile7" : {
    "Bank0" : 0,
    "Bank1" : 1,
    "Bank2" : 2,
    "Bank3" : 4
},
"Profile8" : {
    "Bank0" : 8,
    "Bank1" : 16,
    "Bank2" : 32,
    "Bank3" : 64
},
"Profile9" : {
    "Bank0" : 0,
    "Bank1" : 1,
    "Bank2" : 2,
    "Bank3" : 4
}
}
