{
    "StatusValueBank0": 0,
    "StatusValueBank1": 0,
    "StatusValueBank2": 0,
    "StatusValueBank3": 0,
    "StatusValueBank4": 4,
    "StatusValueBank5": 0,
    "StatusValueBank6": 0,
    "StatusValueBank7": 0,
    "StatusValueBank8": 0
}


{
    "S1" : {
        "Type" : "Big32",
        "NumberOfBanks" : 2,
        "FirstBankNr" : 0,
        "LastBankNr" : 1        
    },
    "S2" : {
        "Type" : "LAN",
        "NumberOfBanks" : 4,
        "FirstBankNr" : 2,
        "LastBankNr" : 5,        
        "Ip_Port" : "192.168.97.209:59"
    },
    "S3" : {
        "Type" : "GPIO",
        "NumberOfBanks" : 1,
        "FirstBankNr" : 6,
        "LastBankNr" : 6,        
        "PinMap" : [ 29, 31, 33, 36, 35, 38, 40, 37, 19, 21, 23, 12, 16, 18, 22, 32 ]
    }
}

"S1": {
    "Type": "Big32 2x chinarelais",
    "PinMap" : [ 8,0,9,1,10,2,11,3,12,4,13,5,14,6,15,7]
    "Type": "Big32 4x8 straight",
    "PinMap" : [ 0,1,2,3,4,5,6,7,8,9,10,11,12,13,14,15]


// 21.01.2021 2029:
{
    "S0": {
        "Type": "MCP",
        "NumberOfBanks": 3,
        "FirstBankNr": 0,
        "LastBankNr": 2,
        "IsInverted": 0,
        "PinMap" : [ 0, 8, 1, 9, 2, 10, 3, 11, 4, 12, 5, 13, 6, 14, 7, 15 ]
    },
    "S1": {
        "Type": "Big32",
        "NumberOfBanks": 2,
        "FirstBankNr": 3,
        "LastBankNr": 4,
        "IsInverted": 0,
        "PinMap" : [ 0,1,2,3,4,5,6,7,8,9,10,11,12,13,14,15]
    },
    "S2": {
        "Type": "LAN",
        "NumberOfBanks": 4,
        "FirstBankNr": 5,
        "LastBankNr": 8,
        "IsInverted": 0,
        "Ip_Port": "192.168.97.209:59"
    }
}