{
"label0" : {
    "pin0" : [ "160m"],
    "pin1" : [ "80 GP"],
    "pin2" : [ "Antenna","80/40 D"],
    "pin3" : [ "Antenna","40 GP"],
    "pin4" : [ "Antenna","Ant5"],
    "pin5" : [ "Antenna","20m"],
    "pin6" : [ "Antenna","17/15m"],
    "pin7" : [ "Antenna","12/10m"],
    "pin8" : [ "Antenna","Ant 9"],
    "pin9" : [ "Antenna","Ant 10"],
    "pin10" : [ "Antenna","Device 10"],
    "pin11" : [ "Antenna","Device 11"],
    "pin12" : [ "Antenna","Device 12"],
    "pin13" : [ "Antenna","Device 13"],
    "pin14" : [ "Antenna","Device 14"],
    "pin15" : [ "Antenna","Device 15"]
},
"label1" : {
    "pin0" : [ "Antenna","160m"],
    "pin1" : [ "Antenna","80 GP"],
    "pin2" : [ "Antenna","80/40 D"],
    "pin3" : [ "Antenna","40 GP"],
    "pin4" : [ "Antenna","Ant5"],
    "pin5" : [ "Antenna","20m"],
    "pin6" : [ "Antenna","17/15m"],
    "pin7" : [ "Antenna","12/10m"],
    "pin8" : [ "Antenna","Ant 9"],
    "pin9" : [ "Antenna","Ant 10"],
    "pin10" : [ "Antenna","Device 10"],
    "pin11" : [ "Antenna","Device 11"],
    "pin12" : [ "Antenna","Device 12"],
    "pin13" : [ "Antenna","Device 13"],
    "pin14" : [ "Antenna","Device 14"],
    "pin15" : [ "Antenna","Device 15"]
},
"label2" : {
    "pin0" : [ "Channel 2","Device 0"],
    "pin1" : [ "Channel 2","Device 1"],
    "pin2" : [ "Channel 2","Device 2"],
    "pin3" : [ "Channel 2","Device 3"],
    "pin4" : [ "Channel 2","Device 4"],
    "pin5" : [ "Channel 2","Device 5"],
    "pin6" : [ "Channel 2","Device 6"],
    "pin7" : [ "Channel 2","Device 7"],
    "pin8" : [ "Channel 2","Device 8"],
    "pin9" : [ "Channel 2","Device 9"],
    "pin10" : [ "Channel 2","Device 10"],
    "pin11" : [ "Channel 2","Device 11"],
    "pin12" : [ "Channel 2","Device 12"],
    "pin13" : [ "Channel 2","Device 13"],
    "pin14" : [ "Channel 2","Device 14"],
    "pin15" : [ "Channel 2","Device 15"]
},
"label3" : {
    "pin0" : [ "Channel 3","Antenne Super"],
    "pin1" : [ "Channel 3",""],
    "pin2" : [ "Channel 3","Device 2"],
    "pin3" : [ "Channel 3","Device 3"],
    "pin4" : [ "Channel 3","Device 4"],
    "pin5" : [ "Channel 3","Device 5"],
    "pin6" : [ "Channel 3","Device 6"],
    "pin7" : [ "Channel 3","Device 7"],
    "pin8" : [ "Channel 3","Device 8"],
    "pin9" : [ "Channel 3","Device 9"],
    "pin10" : [ "Channel 3","Device 10"],
    "pin11" : [ "Channel 3","Device 11"],
    "pin12" : [ "Channel 3","Device 12"],
    "pin13" : [ "Channel 3","Device 13"],
    "pin14" : [ "Channel 3","Device 14"],
    "pin15" : [ "Channel 3","Device 15"]
},
"label4" : {
    "pin0" : [ "Channel 3","Antenne Super"],
    "pin1" : [ "Channel 3",""],
    "pin2" : [ "Channel 3","Device 2"],
    "pin3" : [ "Channel 3","Device 3"],
    "pin4" : [ "Channel 3","Device 4"],
    "pin5" : [ "Channel 3","Device 5"],
    "pin6" : [ "Channel 3","Device 6"],
    "pin7" : [ "Channel 3","Device 7"],
    "pin8" : [ "Channel 3","Device 8"],
    "pin9" : [ "Channel 3","Device 9"],
    "pin10" : [ "Channel 3","Device 10"],
    "pin11" : [ "Channel 3","Device 11"],
    "pin12" : [ "Channel 3","Device 12"],
    "pin13" : [ "Channel 3","Device 13"],
    "pin14" : [ "Channel 3","Device 14"],
    "pin15" : [ "Channel 3","Device 15"]
},
"label5" : {
    "pin0" : [ "Channel 3","Antenne Super"],
    "pin1" : [ "Channel 3",""],
    "pin2" : [ "Channel 3","Device 2"],
    "pin3" : [ "Channel 3","Device 3"],
    "pin4" : [ "Channel 3","Device 4"],
    "pin5" : [ "Channel 3","Device 5"],
    "pin6" : [ "Channel 3","Device 6"],
    "pin7" : [ "Channel 3","Device 7"],
    "pin8" : [ "Channel 3","Device 8"],
    "pin9" : [ "Channel 3","Device 9"],
    "pin10" : [ "Channel 3","Device 10"],
    "pin11" : [ "Channel 3","Device 11"],
    "pin12" : [ "Channel 3","Device 12"],
    "pin13" : [ "Channel 3","Device 13"],
    "pin14" : [ "Channel 3","Device 14"],
    "pin15" : [ "Channel 3","Device 15"]
},
"label6" : {
    "pin0" : [ "Channel 3","Antenne Super"],
    "pin1" : [ "Channel 3",""],
    "pin2" : [ "Channel 3","Device 2"],
    "pin3" : [ "Channel 3","Device 3"],
    "pin4" : [ "Channel 3","Device 4"],
    "pin5" : [ "Channel 3","Device 5"],
    "pin6" : [ "Channel 3","Device 6"],
    "pin7" : [ "Channel 3","Device 7"],
    "pin8" : [ "Channel 3","Device 8"],
    "pin9" : [ "Channel 3","Device 9"],
    "pin10" : [ "Channel 3","Device 10"],
    "pin11" : [ "Channel 3","Device 11"],
    "pin12" : [ "Channel 3","Device 12"],
    "pin13" : [ "Channel 3","Device 13"],
    "pin14" : [ "Channel 3","Device 14"],
    "pin15" : [ "Channel 3","Device 15"]
},
"label7" : {
    "pin0" : [ "Channel 3","Antenne Super"],
    "pin1" : [ "Channel 3",""],
    "pin2" : [ "Channel 3","Device 2"],
    "pin3" : [ "Channel 3","Device 3"],
    "pin4" : [ "Channel 3","Device 4"],
    "pin5" : [ "Channel 3","Device 5"],
    "pin6" : [ "Channel 3","Device 6"],
    "pin7" : [ "Channel 3","Device 7"],
    "pin8" : [ "Channel 3","Device 8"],
    "pin9" : [ "Channel 3","Device 9"],
    "pin10" : [ "Channel 3","Device 10"],
    "pin11" : [ "Channel 3","Device 11"],
    "pin12" : [ "Channel 3","Device 12"],
    "pin13" : [ "Channel 3","Device 13"],
    "pin14" : [ "Channel 3","Device 14"],
    "pin15" : [ "Channel 3","Device 15"]
},
"label8" : {
    "pin0" : [ "Channel 3","Antenne Super"],
    "pin1" : [ "Channel 3",""],
    "pin2" : [ "Channel 3","Device 2"],
    "pin3" : [ "Channel 3","Device 3"],
    "pin4" : [ "Channel 3","Device 4"],
    "pin5" : [ "Channel 3","Device 5"],
    "pin6" : [ "Channel 3","Device 6"],
    "pin7" : [ "Channel 3","Device 7"],
    "pin8" : [ "Channel 3","Device 8"],
    "pin9" : [ "Channel 3","Device 9"],
    "pin10" : [ "Channel 3","Device 10"],
    "pin11" : [ "Channel 3","Device 11"],
    "pin12" : [ "Channel 3","Device 12"],
    "pin13" : [ "Channel 3","Device 13"],
    "pin14" : [ "Channel 3","Device 14"],
    "pin15" : [ "Channel 3","Device 15"]
}
}